tres,EGR,phi,T,P,O2,CO,CO2
0.0,0.1,0.0,1398.1779717970517,1000000.1578897036,0.18871978595693856,0.0,0.0
0.10101010101010101,0.1,0.0,1398.2900963091597,1000000.1578897036,0.18874206463046894,1.0183899936603523e-30,-4.844845313818201e-30
0.20202020202020202,0.1,0.0,1398.3950821418691,1000000.1578897036,0.18876293547190717,-2.9331165261261616e-31,-7.135296189747835e-30
0.30303030303030304,0.1,0.0,1398.493443125408,1000000.1578897036,0.1887824891330464,4.247789632483496e-31,-1.9099959113877735e-29
0.40404040404040403,0.1,0.0,1398.585596490716,1000000.1578897036,0.18880080859092557,7.436324217779703e-28,3.0285527889604126e-27
0.5050505050505051,0.1,0.0,1398.6719332399532,1000000.1578897036,0.18881797160351663,1.981511194796019e-29,6.90540365430729e-27
0.6060606060606061,0.1,0.0,1398.7528200478966,1000000.1578897036,0.18883405109012646,3.372964372684794e-28,7.154298498698623e-27
0.7070707070707071,0.1,0.0,1398.8286003381472,1000000.1578897036,0.18884911534726684,-1.4479387999501552e-28,1.0739416233273728e-26
0.8080808080808081,0.1,0.0,1398.8995959890472,1000000.1578897036,0.18886322838064906,-3.1119959033206085e-28,3.000397741106352e-27
0.9090909090909091,0.1,0.0,1398.9661086836797,1000000.1578897036,0.18887645017878543,4.800078705934597e-29,-9.3219835120521e-28
1.0101010101010102,0.1,0.0,1399.0284210704456,1000000.1578897036,0.18888883695178765,-5.503410492121477e-28,-5.564229604678456e-27
1.1111111111111112,0.1,0.0,1399.0867981321023,1000000.1578897036,0.18890044137632805,-3.3505177173037573e-28,-1.4334795303849946e-26
1.2121212121212122,0.1,0.0,1399.1414881373576,1000000.1578897036,0.18891131281412643,-5.178213913436562e-29,-1.9472947558677635e-26
1.3131313131313131,0.1,0.0,1399.1927236742997,1000000.1578897036,0.1889214975169123,-5.064770407064739e-28,-2.4761591952842018e-26
1.4141414141414141,0.1,0.0,1399.2407228732322,1000000.1578897036,0.18893103882530085,-5.224916777942724e-29,-3.034829700759543e-26
1.5151515151515151,0.1,0.0,1399.2856896555681,1000000.1578897036,0.1889399773479188,-1.5871881534041267e-28,-3.326358711876984e-26
1.6161616161616161,0.1,0.0,1399.3278158742266,1000000.1578897036,0.18894835113455022,-7.27313154605863e-29,-3.139101462483632e-26
1.7171717171717171,0.1,0.0,1399.3672803373956,1000000.1578897036,0.18895619583884463,-1.4603176231718775e-30,-2.93313432307818e-26
1.8181818181818181,0.1,0.0,1399.404251471514,1000000.1578897036,0.18896354485995362,-7.568700984336403e-29,-2.650565275997897e-26
1.9191919191919191,0.1,0.0,1399.4388865344565,1000000.1578897036,0.1889704294992083,1.727452374798415e-28,-2.542457004555447e-26
2.0202020202020203,0.1,0.0,1399.4713330982083,1000000.1578897036,0.1889768790957027,-1.3155438449549488e-28,-2.5474508661407657e-26
2.121212121212121,0.1,0.0,1399.5017293451367,1000000.1578897036,0.18898292111984574,-1.195590209111305e-29,-2.324046848636793e-26
2.2222222222222223,0.1,0.0,1399.5302047395446,1000000.1578897036,0.1889885813113724,4.09690657117841e-28,-2.2871761487402743e-26
2.323232323232323,0.1,0.0,1399.556880602899,1000000.1578897036,0.18899388378623402,-7.461720031389844e-28,-2.684686785938529e-26
2.4242424242424243,0.1,0.0,1399.581870589118,1000000.1578897036,0.1889988511381695,3.7227789100131127e-28,-3.6231898589106183e-26
2.525252525252525,0.1,0.0,1399.6052812022215,1000000.1578897036,0.18900350454065157,1.8138036737119145e-29,-3.0347024980208073e-26
2.6262626262626263,0.1,0.0,1399.6272122180826,1000000.1578897036,0.1890078638283217,-2.2696764830410232e-28,-2.503642702477898e-26
2.727272727272727,0.1,0.0,1399.6477570965742,1000000.1578897036,0.18901194758251652,-1.7201037193938336e-28,-2.190318626855308e-26
2.8282828282828283,0.1,0.0,1399.6670033919813,1000000.1578897036,0.1890157732114304,-8.24347520375489e-29,-1.8143128825047435e-26
2.929292929292929,0.1,0.0,1399.6850331675735,1000000.1578897036,0.18901935702453368,5.052486407251804e-29,-1.4696994846383612e-26
3.0303030303030303,0.1,0.0,1399.7019233287622,1000000.1578897036,0.18902271430223747,-7.17093439037983e-29,-1.2790569813540286e-26
3.131313131313131,0.1,0.0,1399.7177458790961,1000000.1578897036,0.18902585936029198,-1.404208202170079e-28,-1.0800014322424537e-26
3.2323232323232323,0.1,0.0,1399.7325682616774,1000000.1578897036,0.18902880560948002,1.58476684568892e-28,-7.770218047454007e-27
3.3333333333333335,0.1,0.0,1399.7464536819791,1000000.1578897036,0.1890315656133377,8.763143785801135e-28,-4.599268101867063e-27
3.4343434343434343,0.1,0.0,1399.7594613495642,1000000.1578897036,0.1890341511441573,-3.820830642136101e-28,-8.624201867407594e-27
3.5353535353535355,0.1,0.0,1399.771646725975,1000000.1578897036,0.18903657322650597,-2.7293976785587355e-28,-7.870047596119863e-27
3.6363636363636362,0.1,0.0,1399.7830617904083,1000000.1578897036,0.18903884219124287,8.105942507885777e-31,-6.4307857788990384e-27
3.7373737373737375,0.1,0.0,1399.7937552239666,1000000.1578897036,0.18904096771524437,-3.348103868387782e-31,-6.018196131927468e-27
3.8383838383838382,0.1,0.0,1399.8037726419532,1000000.1578897036,0.1890429588659167,-6.343142638956448e-32,-5.638359682635284e-27
3.9393939393939394,0.1,0.0,1399.8131567772348,1000000.1578897036,0.18904482413764875,-1.1917791275617795e-31,-5.282423278503558e-27
4.040404040404041,0.1,0.0,1399.8219476497902,1000000.1578897036,0.18904657148555498,-4.3967971493529234e-33,-4.9480835217773795e-27
4.141414141414141,0.1,0.0,1399.8301827600014,1000000.1578897036,0.18904820836385192,6.48103628334507e-33,-4.63533258591409e-27
4.242424242424242,0.1,0.0,1399.8378972407756,1000000.1578897036,0.18904974175612196,-3.603101656641915e-33,-4.3421480759317885e-27
4.343434343434343,0.1,0.0,1399.8451240036898,1000000.1578897036,0.18905117820441147,2.015907820273493e-32,-4.067734880606784e-27
4.444444444444445,0.1,0.0,1399.8518938691477,1000000.1578897036,0.18905252383519228,1.7203899628239946e-31,-3.8098091102281406e-27
4.545454545454545,0.1,0.0,1399.8582357190248,1000000.1578897036,0.1890537843892256,-1.4465052956755167e-31,-3.569753798682778e-27
4.646464646464646,0.1,0.0,1399.8641766155354,1000000.1578897036,0.18905496524575527,-6.504410970804404e-33,-3.3441617408785795e-27
4.747474747474747,0.1,0.0,1399.8697419066336,1000000.1578897036,0.18905607144339817,4.588772344901816e-31,-3.1305030430204225e-27
4.848484848484849,0.1,0.0,1399.874955335079,1000000.1578897036,0.18905710770160836,-7.312688440506645e-31,-2.936190530863258e-27
4.94949494949495,0.1,0.0,1399.8798391423145,1000000.1578897036,0.1890580784413771,-1.7643844112688125e-30,-2.7559442006341245e-27
5.05050505050505,0.1,0.0,1399.8844141684608,1000000.1578897036,0.18905898780510957,1.4451650653468921e-30,-2.5719434385284184e-27
5.151515151515151,0.1,0.0,1399.8886999370677,1000000.1578897036,0.1890598396735403,-1.5208722699961795e-31,-2.4093239843944327e-27
5.252525252525253,0.1,0.0,1399.8927147352265,1000000.1578897036,0.18906063768162298,-6.655194684569514e-30,-2.2820908124492946e-27
5.353535353535354,0.1,0.0,1399.896475691702,1000000.1578897036,0.1890613852340735,-6.213724220162228e-30,-2.1486926503531478e-27
5.454545454545454,0.1,0.0,1399.899998852752,1000000.1578897036,0.18906208552043313,-4.9728272864553306e-30,-2.015787052263411e-27
5.555555555555555,0.1,0.0,1399.903299254417,1000000.1578897036,0.18906274152942107,2.9047606816064594e-30,-1.848465956991114e-27
5.656565656565657,0.1,0.0,1399.9063909815677,1000000.1578897036,0.18906335606067415,-1.2976355783116242e-30,-1.7355103357174087e-27
5.757575757575758,0.1,0.0,1399.9092872271406,1000000.1578897036,0.18906393173654518,6.3594276066887865e-31,-1.6271320441214407e-27
5.858585858585858,0.1,0.0,1399.91200034947,1000000.1578897036,0.1890644710134887,5.0750442391645124e-30,-1.4574873459997982e-27
5.959595959595959,0.1,0.0,1399.9145419257711,1000000.1578897036,0.18906497619271498,-2.9181009047993982e-30,-1.351192588548952e-27
6.0606060606060606,0.1,0.0,1399.916922802045,1000000.1578897036,0.1890654494300683,1.3340289090193136e-30,-1.2600775817527416e-27
6.161616161616162,0.1,0.0,1399.9191531387903,1000000.1578897036,0.1890658927451487,-7.408067732555504e-31,-1.2167025535126544e-27
6.262626262626262,0.1,0.0,1399.9212424544485,1000000.1578897036,0.18906630802991858,-3.741220189570345e-30,-1.177175593800805e-27
6.363636363636363,0.1,0.0,1399.9231996651522,1000000.1578897036,0.189066697056612,9.070343795149792e-30,-1.0552101240526506e-27
6.4646464646464645,0.1,0.0,1399.925033123143,1000000.1578897036,0.18906706148540317,-2.0224849978128344e-31,-8.917131301576236e-28
6.565656565656566,0.1,0.0,1399.9267506528474,1000000.1578897036,0.18906740287153428,-6.631890034241042e-30,-8.475117511869929e-28
6.666666666666667,0.1,0.0,1399.928359584114,1000000.1578897036,0.18906772267194036,-1.4215704276930625e-29,-1.0633216155861665e-27
6.767676767676767,0.1,0.0,1399.9298667833737,1000000.1578897036,0.18906802225144853,2.9206110101787944e-30,-1.2227321082315496e-27
6.8686868686868685,0.1,0.0,1399.9312786829316,1000000.1578897036,0.18906830288858828,4.8997679568626336e-30,-1.1409069406185179e-27
6.96969696969697,0.1,0.0,1399.9326013082666,1000000.1578897036,0.18906856578103212,2.9458185499868174e-30,-8.47348802044482e-28
7.070707070707071,0.1,0.0,1399.9338403040733,1000000.1578897036,0.18906881205076165,4.222226997781548e-30,-5.886222189936466e-28
7.171717171717171,0.1,0.0,1399.9350009581244,1000000.1578897036,0.189069042748807,3.3864329130079777e-31,-5.216413750106009e-28
7.2727272727272725,0.1,0.0,1399.9360882238566,1000000.1578897036,0.18906925885974768,8.006930507090828e-31,-4.992402018664258e-28
7.373737373737374,0.1,0.0,1399.9371067414809,1000000.1578897036,0.18906946130591137,3.532717853750834e-30,-4.015780188433322e-28
7.474747474747475,0.1,0.0,1399.9380608579154,1000000.1578897036,0.18906965095130962,9.926023345988472e-30,-2.367066793582403e-28
7.575757575757575,0.1,0.0,1399.9389546451375,1000000.1578897036,0.18906982860532454,3.1665070307188656e-30,-7.144559530608271e-29
7.6767676767676765,0.1,0.0,1399.9397919177145,1000000.1578897036,0.18906999502616284,-4.646136376138347e-30,3.824553386590854e-29
7.777777777777778,0.1,0.0,1399.9405762490055,1000000.1578897036,0.1890701509240856,5.147829065365174e-30,1.3849662463388209e-28
7.878787878787879,0.1,0.0,1399.9413109865438,1000000.1578897036,0.1890702969644687,1.4700902271423702e-29,2.195275260383238e-28
7.979797979797979,0.1,0.0,1399.941999266098,1000000.1578897036,0.1890704337706018,-1.3940631181812334e-29,1.781602115500245e-28
8.080808080808081,0.1,0.0,1399.942644025189,1000000.1578897036,0.1890705619263638,-1.0805155360152124e-29,1.962554528434772e-28
8.181818181818182,0.1,0.0,1399.9432480155913,1000000.1578897036,0.18907068197871763,1.6230739380871674e-29,3.400543871578579e-28
8.282828282828282,0.1,0.0,1399.9438138152098,1000000.1578897036,0.18907079444004415,1.987397297235459e-29,3.769700049923138e-28
8.383838383838384,0.1,0.0,1399.9443438387102,1000000.1578897036,0.1890708997903248,-2.4677922190736685e-29,2.2632775228368767e-28
8.484848484848484,0.1,0.0,1399.944840348292,1000000.1578897036,0.18907099847919176,-2.2010249890256929e-29,2.1609678052065133e-28
8.585858585858587,0.1,0.0,1399.9453054630442,1000000.1578897036,0.18907109092784768,4.119240887590114e-29,4.823888195749444e-28
8.686868686868687,0.1,0.0,1399.9457411681005,1000000.1578897036,0.18907117753087213,5.307140883054314e-29,6.502685625636171e-28
8.787878787878787,0.1,0.0,1399.9461493230344,1000000.1578897036,0.18907125865788493,-7.259777881814501e-29,2.1282436284442724e-28
8.88888888888889,0.1,0.0,1399.9465316698775,1000000.1578897036,0.18907133465513754,-6.919009745458796e-29,1.2382133129316793e-29
8.98989898989899,0.1,0.0,1399.9468898404264,1000000.1578897036,0.18907140584699048,1.2000642146662813e-28,6.912754520758995e-28
9.09090909090909,0.1,0.0,1399.947225363442,1000000.1578897036,0.18907147253729106,8.246058959085954e-29,8.077568461789029e-28
9.191919191919192,0.1,0.0,1399.94753967087,1000000.1578897036,0.1890715350106743,-1.717157419727891e-28,-1.6106122839167395e-28
9.292929292929292,0.1,0.0,1399.9478341042598,1000000.1578897036,0.18907159353378117,-1.173577583492878e-28,-2.9879752652983844e-28
9.393939393939394,0.1,0.0,1399.948109920234,1000000.1578897036,0.18907164835639245,2.624052741328273e-28,1.0828637850520299e-27
9.494949494949495,0.1,0.0,1399.9483682959535,1000000.1578897036,0.18907169971249496,2.6397412040376195e-28,1.7375258050241026e-27
9.595959595959595,0.1,0.0,1399.9486103342272,1000000.1578897036,0.18907174782127542,-4.651342800187573e-28,-8.5152622933454e-28
9.696969696969697,0.1,0.0,1399.9488370681581,1000000.1578897036,0.18907179288807247,-3.6455243727292306e-28,-1.5252787423168645e-27
9.797979797979798,0.1,0.0,1399.9490494653537,1000000.1578897036,0.18907183510523565,7.5441557448374895e-28,2.618141480513318e-27
9.8989898989899,0.1,0.0,1399.9492484322825,1000000.1578897036,0.18907187465294148,3.690642407830428e-28,2.574894039455543e-27
10.0,0.1,0.0,1399.9494348183548,1000000.1578897036,0.1890719117000008,-5.741388110120077e-29,-4.131058906017806e-28
0.0,0.15,0.0,1398.2352804360105,1000000.1659099073,0.17822665980358113,0.0,0.0
0.10101010101010101,0.15,0.0,1398.3493364265125,1000000.1659099073,0.17824942649874595,7.474449556868582e-31,9.321205436592678e-29
0.20202020202020202,0.15,0.0,1398.455716455331,1000000.1659099073,0.17827067280645925,-2.4144085678366176e-30,1.507381772271193e-28
0.30303030303030304,0.15,0.0,1398.5550015943072,1000000.1659099073,0.17829050195180518,-1.5380067741619189e-31,1.5946250967002988e-28
0.40404040404040403,0.15,0.0,1398.6476641800032,1000000.1659099073,0.17830900830237986,3.071077735521494e-29,4.166403450552814e-28
0.5050505050505051,0.15,0.0,1398.7341452098538,1000000.1659099073,0.17832627996395783,-4.7757539611574777e-29,9.886296510518096e-28
0.6060606060606061,0.15,0.0,1398.8148563544348,1000000.1659099073,0.1783423991847621,5.616375511793006e-28,1.4364385954495958e-26
0.7070707070707071,0.15,0.0,1398.890182038357,1000000.1659099073,0.1783574427535471,1.4318147935933536e-28,1.8828587329357973e-26
0.8080808080808081,0.15,0.0,1398.9604811181205,1000000.1659099073,0.17837148235753747,4.539230489747707e-28,2.1499249424965044e-26
0.9090909090909091,0.15,0.0,1399.0260885952916,1000000.1659099073,0.17838458491744985,9.674673890069638e-30,2.4726584618109176e-26
1.0101010101010102,0.15,0.0,1399.087317206556,1000000.1659099073,0.1783968129040909,3.8699847408186098e-28,2.712397714723569e-26
1.1111111111111112,0.15,0.0,1399.144458883203,1000000.1659099073,0.17840822463220576,1.6787048550892837e-28,3.7445301035382146e-26
1.2121212121212122,0.15,0.0,1399.1977861446082,1000000.1659099073,0.17841887453677313,4.428966597654655e-29,3.9912478507460396e-26
1.3131313131313131,0.15,0.0,1399.24755337225,1000000.1659099073,0.17842881342833283,-1.3402836424516472e-29,3.68225715953323e-26
1.4141414141414141,0.15,0.0,1399.2939980401939,1000000.1659099073,0.17843808873540823,-8.404627872100553e-30,3.418223390002164e-26
1.5151515151515151,0.15,0.0,1399.3373417432783,1000000.1659099073,0.1784467447271777,2.7773968427041907e-30,3.194498434993919e-26
1.6161616161616161,0.15,0.0,1399.377791374223,1000000.1659099073,0.17845482272565633,1.1275490443090136e-29,2.9724273393226084e-26
1.7171717171717171,0.15,0.0,1399.4155400286872,1000000.1659099073,0.17846236130082013,-4.932793202412262e-29,2.705328730977466e-26
1.8181818181818181,0.15,0.0,1399.4507678833518,1000000.1659099073,0.1784693964392084,3.132169737757223e-28,2.712503017793227e-26
1.9191919191919191,0.15,0.0,1399.4836432526556,1000000.1659099073,0.1784759617583657,-1.783611788988486e-29,2.758952841666869e-26
2.0202020202020203,0.15,0.0,1399.514323101255,1000000.1659099073,0.17848208860848133,1.1643530038660158e-28,2.562033781300172e-26
2.121212121212121,0.15,0.0,1399.5429540096543,1000000.1659099073,0.1784878062649535,2.0819912830630601e-29,2.6517398800758256e-26
2.2222222222222223,0.15,0.0,1399.5696726921467,1000000.1659099073,0.17849314203214228,-3.482069445733296e-30,2.5260560213797525e-26
2.323232323232323,0.15,0.0,1399.594606798161,1000000.1659099073,0.17849812140641344,-8.690904821215967e-30,2.335347382772645e-26
2.4242424242424243,0.15,0.0,1399.6178754772266,1000000.1659099073,0.1785027681847444,-3.0341547840568058e-30,2.1781260484485898e-26
2.525252525252525,0.15,0.0,1399.6395899293889,1000000.1659099073,0.17850710457376814,1.7112179417076467e-30,2.042806458822999e-26
2.6262626262626263,0.15,0.0,1399.6598539273252,1000000.1659099073,0.17851115129826425,-1.8365685344491097e-30,1.8969701115399006e-26
2.727272727272727,0.15,0.0,1399.6787643287425,1000000.1659099073,0.17851492770265456,-5.4780794942966386e-30,1.7536454051778874e-26
2.8282828282828283,0.15,0.0,1399.696411511335,1000000.1659099073,0.17851845183494747,-3.269791328290754e-32,1.6373870978292056e-26
2.929292929292929,0.15,0.0,1399.7128798256497,1000000.1659099073,0.17852174054070946,-5.8284397118318384e-30,1.5321687894916487e-26
3.0303030303030303,0.15,0.0,1399.7282479919832,1000000.1659099073,0.17852480954679387,2.1870303625004375e-29,1.4357442845355928e-26
3.131313131313131,0.15,0.0,1399.742589506205,1000000.1659099073,0.17852767352622145,-2.1316197357112545e-29,1.3265775454599983e-26
3.2323232323232323,0.15,0.0,1399.7559729129196,1000000.1659099073,0.17853034617124566,-5.262624079345872e-29,1.2065583536272242e-26
3.3333333333333335,0.15,0.0,1399.7684622265,1000000.1659099073,0.17853284026212943,2.7101312800760996e-28,1.2732736956752556e-26
3.4343434343434343,0.15,0.0,1399.7801171455108,1000000.1659099073,0.17853516772491826,-3.8220825185329273e-28,9.575140968514967e-27
3.5353535353535355,0.15,0.0,1399.790993421702,1000000.1659099073,0.17853733969008262,1.8799362385761694e-28,1.1330821595347467e-26
3.6363636363636362,0.15,0.0,1399.8011430398474,1000000.1659099073,0.17853936654388605,-6.268525162342843e-29,1.0029834542794236e-26
3.7373737373737375,0.15,0.0,1399.8106145541199,1000000.1659099073,0.1785412579800009,-6.820988200255455e-29,8.919977069752413e-27
3.8383838383838382,0.15,0.0,1399.819453259147,1000000.1659099073,0.17854302304428268,-3.94427047592692e-29,7.992004437578058e-27
3.9393939393939394,0.15,0.0,1399.827701427422,1000000.1659099073,0.17854467017871345,-1.0101207292973757e-29,7.387178294534407e-27
4.040404040404041,0.15,0.0,1399.8353985087733,1000000.1659099073,0.17854620726156756,6.034006124493082e-29,7.794687698470734e-27
4.141414141414141,0.15,0.0,1399.8425813171839,1000000.1659099073,0.17854764164474987,4.60968244619626e-30,7.245248600994095e-27
4.242424242424242,0.15,0.0,1399.8492842090252,1000000.1659099073,0.17854898018926937,2.5857913888385493e-30,7.084043159179277e-27
4.343434343434343,0.15,0.0,1399.855539248665,1000000.1659099073,0.17855022929846706,-2.1933882475169267e-29,6.512367560154445e-27
4.444444444444445,0.15,0.0,1399.8613763523088,1000000.1659099073,0.17855139494667463,-6.963683579071616e-30,5.0480787075210524e-27
4.545454545454545,0.15,0.0,1399.8668234377305,1000000.1659099073,0.17855248270911547,-2.3974479972194367e-29,4.740400963870662e-27
4.646464646464646,0.15,0.0,1399.8719065654664,1000000.1659099073,0.17855349778995042,4.43966036053191e-29,5.2246511969255014e-27
4.747474747474747,0.15,0.0,1399.876650053305,1000000.1659099073,0.17855444504556794,-5.155487518934103e-29,4.626849146097716e-27
4.848484848484849,0.15,0.0,1399.8810765917815,1000000.1659099073,0.17855532900730187,5.0673899015158e-30,4.148561836074765e-27
4.94949494949495,0.15,0.0,1399.8852073568546,1000000.1659099073,0.1785561539039265,9.064678890228523e-29,4.756822136149322e-27
5.05050505050505,0.15,0.0,1399.889062110613,1000000.1659099073,0.17855692368193055,-2.723366918658242e-28,2.5838514754459048e-27
5.151515151515151,0.15,0.0,1399.892659294172,1000000.1659099073,0.1785576420239987,3.9353176088750265e-28,5.091824724490774e-27
5.252525252525253,0.15,0.0,1399.8960161168434,1000000.1659099073,0.17855831236679504,-2.7637820286527827e-28,3.425274806684055e-27
5.353535353535354,0.15,0.0,1399.8991486383193,1000000.1659099073,0.17855893791742913,-2.7252124717238397e-28,4.5938064707813985e-28
5.454545454545454,0.15,0.0,1399.9020718453337,1000000.1659099073,0.17855952166871086,1.7295248426240233e-27,1.2309543105004512e-26
5.555555555555555,0.15,0.0,1399.9047997240257,1000000.1659099073,0.17856006641364022,-3.0548654292409653e-27,-8.88217384161491e-27
5.656565656565657,0.15,0.0,1399.907345324235,1000000.1659099073,0.17856057475833237,2.9978024689511688e-27,1.1705334956597452e-26
5.757575757575758,0.15,0.0,1399.9097208267906,1000000.1659099073,0.1785610491351183,5.2356089386350355e-28,1.7886053591734497e-27
5.858585858585858,0.15,0.0,1399.9119375961982,1000000.1659099073,0.17856149181354014,-9.299220293985853e-30,2.5156433818988878e-27
5.959595959595959,0.15,0.0,1399.9140062392512,1000000.1659099073,0.17856190491173463,2.6629923927529175e-28,2.4556548141188137e-27
6.0606060606060606,0.15,0.0,1399.9159366512683,1000000.1659099073,0.17856229040576593,-7.867687455819617e-30,3.2212177868237045e-27
6.161616161616162,0.15,0.0,1399.9177380713693,1000000.1659099073,0.17856265014066092,2.271676140866978e-29,3.365319847976982e-27
6.262626262626262,0.15,0.0,1399.9194191193162,1000000.1659099073,0.17856298583775912,-1.3808025929217451e-30,2.883693097371799e-27
6.363636363636363,0.15,0.0,1399.9209878370175,1000000.1659099073,0.17856329910300395,1.6128467507124422e-29,2.6281326520015317e-27
6.4646464646464645,0.15,0.0,1399.922451731204,1000000.1659099073,0.17856359143546088,3.905063844985214e-30,2.5294934475750234e-27
6.565656565656566,0.15,0.0,1399.9238178051328,1000000.1659099073,0.17856386423365286,2.0310914462769158e-29,2.921739661407038e-27
6.666666666666667,0.15,0.0,1399.925092595097,1000000.1659099073,0.17856411880285483,7.953422596537789e-30,3.865164274259221e-27
6.767676767676767,0.15,0.0,1399.926282200674,1000000.1659099073,0.17856435636112972,1.6238501070496522e-29,4.617102838428244e-27
6.8686868686868685,0.15,0.0,1399.9273923141386,1000000.1659099073,0.17856457804520065,7.576899657976276e-30,5.218644231043842e-27
6.96969696969697,0.15,0.0,1399.9284282481121,1000000.1659099073,0.1785647849159767,8.184549200694122e-30,5.489857465192488e-27
7.070707070707071,0.15,0.0,1399.929394957216,1000000.1659099073,0.17856497796287368,3.7580498105117647e-32,5.0859083626720806e-27
7.171717171717171,0.15,0.0,1399.9302970671718,1000000.1659099073,0.1785651581096291,3.801802984235257e-30,4.655779836975628e-27
7.2727272727272725,0.15,0.0,1399.9311388961935,1000000.1659099073,0.17856532621858,6.514533984835254e-31,4.4469983012723006e-27
7.373737373737374,0.15,0.0,1399.9319244721466,1000000.1659099073,0.17856548309406411,2.3476947048786485e-30,4.2295967820968304e-27
7.474747474747475,0.15,0.0,1399.9326575534724,1000000.1659099073,0.17856562948663088,-1.1921107389198755e-30,3.917462247031756e-27
7.575757575757575,0.15,0.0,1399.933341648216,1000000.1659099073,0.17856576609681862,-1.2115651947640453e-30,3.675464253537504e-27
7.6767676767676765,0.15,0.0,1399.9339800298585,1000000.1659099073,0.1785658935783264,2.227220853307566e-31,3.455341803044315e-27
7.777777777777778,0.15,0.0,1399.9345757528954,1000000.1659099073,0.1785660125411217,7.455435037223929e-31,3.2113898459121406e-27
7.878787878787879,0.15,0.0,1399.9351316675725,1000000.1659099073,0.17856612355437904,1.3079979036879155e-30,2.9305243114886757e-27
7.979797979797979,0.15,0.0,1399.9356504343011,1000000.1659099073,0.1785662271493818,-2.2568432113710224e-31,2.6897630378663312e-27
8.080808080808081,0.15,0.0,1399.9361345356222,1000000.1659099073,0.17856632382188609,-2.2680181537256537e-32,2.5087471803279664e-27
8.181818181818182,0.15,0.0,1399.9365862879142,1000000.1659099073,0.17856641403445755,6.949302715730802e-32,2.3593816893891487e-27
8.282828282828282,0.15,0.0,1399.937007852474,1000000.1659099073,0.17856649821869233,8.029070963604549e-32,2.209800244898765e-27
8.383838383838384,0.15,0.0,1399.9374012460719,1000000.1659099073,0.17856657677732937,2.1161643323226717e-31,2.0566633927324903e-27
8.484848484848484,0.15,0.0,1399.9377683521411,1000000.1659099073,0.17856665008648093,-9.953243703665208e-32,1.9157972949783922e-27
8.585858585858587,0.15,0.0,1399.9381109273888,1000000.1659099073,0.17856671849695338,2.1678838578174178e-32,1.788779873195227e-27
8.686868686868687,0.15,0.0,1399.9384306107909,1000000.1659099073,0.17856678233604265,1.3380793606184927e-32,1.6726143787966794e-27
8.787878787878787,0.15,0.0,1399.9387289317667,1000000.1659099073,0.1785668419091665,-8.050960949961492e-33,1.562467096545414e-27
8.88888888888889,0.15,0.0,1399.9390073177992,1000000.1659099073,0.1785668975013826,4.133714093772296e-33,1.4570965193113148e-27
8.98989898989899,0.15,0.0,1399.9392671011078,1000000.1659099073,0.17856694937873221,1.3452002084814915e-33,1.3583506870812707e-27
9.09090909090909,0.15,0.0,1399.9395095248815,1000000.1659099073,0.17856699778947102,2.924830205435346e-34,1.2674142605647692e-27
9.191919191919192,0.15,0.0,1399.9397357490823,1000000.1659099073,0.1785670429652445,2.2998028957779354e-33,1.1833726014696614e-27
9.292929292929292,0.15,0.0,1399.9399468561883,1000000.1659099073,0.17856708512221195,2.2081961859404756e-34,1.104701658936588e-27
9.393939393939394,0.15,0.0,1399.9401438563393,1000000.1659099073,0.1785671244620962,1.585238497414796e-34,1.0307470434019358e-27
9.494949494949495,0.15,0.0,1399.940327692243,1000000.1659099073,0.17856716117314814,1.3231363812766763e-33,9.615861934368916e-28
9.595959595959595,0.15,0.0,1399.9404992435962,1000000.1659099073,0.1785671954310395,7.657476177683844e-34,8.972462878185413e-28
9.696969696969697,0.15,0.0,1399.9406593312892,1000000.1659099073,0.1785672273996985,2.1968097172542475e-34,8.373944587651026e-28
9.797979797979798,0.15,0.0,1399.940808721346,1000000.1659099073,0.17856725723209663,6.543851298611574e-34,7.815411869584065e-28
9.8989898989899,0.15,0.0,1399.9409481286168,1000000.1659099073,0.17856728507098515,8.67432441501699e-34,7.293074184605972e-28
10.0,0.15,0.0,1399.9410782201921,1000000.1659099073,0.1785673110495784,2.69940619544055e-34,6.805103522236018e-28
0.0,0.2,0.0,1398.2949211728428,1000000.1749326667,0.1677338766434339,0.0,0.0
0.10101010101010101,0.2,0.0,1398.4111166319083,1000000.1749326667,0.16775717541251617,-2.7144983809362857e-30,-6.993386180114192e-29
0.20202020202020202,0.2,0.0,1398.5190203348636,1000000.1749326667,0.16777882451243867,-1.1477771750956478e-31,-6.472233948257812e-29
0.30303030303030304,0.2,0.0,1398.6192933146422,1000000.1749326667,0.1677989424859319,-2.289230538668473e-31,-9.524698334487439e-29
0.40404040404040403,0.2,0.0,1398.7124742847102,1000000.1749326667,0.1678176374475445,4.764948889020911e-30,-1.6168961071940067e-28
0.5050505050505051,0.2,0.0,1398.799064029968,1000000.1749326667,0.16783500990494665,-3.475818133458665e-29,-6.115560095750834e-28
0.6060606060606061,0.2,0.0,1398.8795280383674,1000000.1749326667,0.16785115327710926,-6.480560490143814e-29,-1.8728861635178383e-27
0.7070707070707071,0.2,0.0,1398.954299151333,1000000.1749326667,0.1678661544063155,-4.2622113341024046e-30,-2.703874156655163e-27
0.8080808080808081,0.2,0.0,1399.0237796227932,1000000.1749326667,0.16788009401638518,-3.118269512760635e-29,-3.847851958035977e-27
0.9090909090909091,0.2,0.0,1399.088343375809,1000000.1749326667,0.16789304713971384,-3.5230900148901306e-29,-5.4798975950979e-27
1.0101010101010102,0.2,0.0,1399.1483379995302,1000000.1749326667,0.1679050835121323,-3.316706684528508e-30,-5.255427768032398e-27
1.1111111111111112,0.2,0.0,1399.204086462078,1000000.1749326667,0.16791626795475978,-3.709855849006812e-31,-4.8860658109920065e-27
1.2121212121212122,0.2,0.0,1399.2558890055132,1000000.1749326667,0.16792666071381293,-7.981118758399574e-31,-4.5494729924725914e-27
1.3131313131313131,0.2,0.0,1399.3040246803253,1000000.1749326667,0.1679363177816562,-5.825361222050496e-33,-4.231208315242214e-27
1.4141414141414141,0.2,0.0,1399.3487527988857,1000000.1749326667,0.1679452911891983,-3.1464145672541647e-33,-3.931578209205598e-27
1.5151515151515151,0.2,0.0,1399.390314403987,1000000.1749326667,0.1679536293013085,-2.8915742585904162e-33,-3.653156956141733e-27
1.6161616161616161,0.2,0.0,1399.4289336104755,1000000.1749326667,0.16796137708563322,-2.6663302180284226e-33,-3.3944443052798586e-27
1.7171717171717171,0.2,0.0,1399.4648185290114,1000000.1749326667,0.16796857629917333,-2.482207362502554e-33,-3.154046842551502e-27
1.8181818181818181,0.2,0.0,1399.4981626611245,1000000.1749326667,0.16797526576584756,-2.2677610610091337e-33,-2.9306678868684054e-27
1.9191919191919191,0.2,0.0,1399.5291457615376,1000000.1749326667,0.16798148153825868,-2.26069594720345e-33,-2.7231057352506985e-27
2.0202020202020203,0.2,0.0,1399.5579348881827,1000000.1749326667,0.1679872571558293,-1.7499377961900928e-33,-2.5302375136951553e-27
2.121212121212121,0.2,0.0,1399.5846853741007,1000000.1749326667,0.16799262377502316,-2.180267636831665e-33,-2.3510286920331335e-27
2.2222222222222223,0.2,0.0,1399.6095415102448,1000000.1749326667,0.16799761034171753,-1.4942537818631664e-33,-2.1845084607466722e-27
2.323232323232323,0.2,0.0,1399.6326373602226,1000000.1749326667,0.16800224376223405,-5.189393314848229e-34,-2.0297671809197306e-27
2.4242424242424243,0.2,0.0,1399.6540975924693,1000000.1749326667,0.16800654903615175,-7.529602298292051e-33,-1.8860456229298644e-27
2.525252525252525,0.2,0.0,1399.6740379395683,1000000.1749326667,0.16801054939560106,-1.7378536347899805e-33,-1.752399526722208e-27
2.6262626262626263,0.2,0.0,1399.6925660823251,1000000.1749326667,0.1680142664280222,-5.146638298065939e-34,-1.6282848770193784e-27
2.727272727272727,0.2,0.0,1399.7097819199314,1000000.1749326667,0.16801772019509098,2.0394453991459953e-29,-1.5846447522523161e-27
2.8282828282828283,0.2,0.0,1399.725778395796,1000000.1749326667,0.16802092933492402,-4.7635027987331167e-29,-1.8503969656764016e-27
2.929292929292929,0.2,0.0,1399.7406418479961,1000000.1749326667,0.1680239111692116,-1.17292142398655e-29,-2.1241560857333593e-27
3.0303030303030303,0.2,0.0,1399.7544525458754,1000000.1749326667,0.16802668180191438,-1.487237003168435e-30,-2.113271886379226e-27
3.131313131313131,0.2,0.0,1399.7672850126694,1000000.1749326667,0.16802925618422584,8.233956045936406e-32,-1.991100967186928e-27
3.2323232323232323,0.2,0.0,1399.7792085381225,1000000.1749326667,0.168031648217239,1.0796284908754136e-30,-1.991233884648195e-27
3.3333333333333335,0.2,0.0,1399.7902874808663,1000000.1749326667,0.16803387081258447,7.481771804183619e-31,-1.991472984385297e-27
3.4343434343434343,0.2,0.0,1399.800581624916,1000000.1749326667,0.16803593596358055,5.2585548689583155e-30,-1.7544662250970722e-27
3.5353535353535355,0.2,0.0,1399.810146579566,1000000.1749326667,0.16803785482827627,-2.692583063056102e-30,-1.1837211600457721e-27
3.6363636363636362,0.2,0.0,1399.819033987094,1000000.1749326667,0.16803963776598552,-2.3415376617294963e-30,-1.3789260173373178e-27
3.7373737373737375,0.2,0.0,1399.8272918310602,1000000.1749326667,0.1680412944032532,2.0644247382330004e-30,-1.3370812205178446e-27
3.8383838383838382,0.2,0.0,1399.8349647056389,1000000.1749326667,0.16804283368673803,3.0618297368493173e-31,-1.0925796475910401e-27
3.9393939393939394,0.2,0.0,1399.842094041763,1000000.1749326667,0.16804426392813737,5.713419260030748e-31,-1.0500877216654998e-27
4.040404040404041,0.2,0.0,1399.8487183385573,1000000.1749326667,0.1680455928510366,1.2738265932313156e-31,-9.824349237747997e-28
4.141414141414141,0.2,0.0,1399.8548733691696,1000000.1749326667,0.16804682763221584,5.0825472972150005e-30,-8.356032026573067e-28
4.242424242424242,0.2,0.0,1399.8605923719695,1000000.1749326667,0.16804797493989976,-1.475700849882589e-29,-9.765957627087844e-28
4.343434343434343,0.2,0.0,1399.8659062336649,1000000.1749326667,0.16804904097036924,4.897385987100851e-30,-9.169201848359276e-28
4.444444444444445,0.2,0.0,1399.8708436513994,1000000.1749326667,0.16805003148087705,1.9596469928851914e-30,-7.655585905692942e-28
4.545454545454545,0.2,0.0,1399.8754312910921,1000000.1749326667,0.168050951820976,-9.688806630809853e-29,-4.533777280635682e-28
4.646464646464646,0.2,0.0,1399.8796939298904,1000000.1749326667,0.16805180696136993,-2.897412270367424e-29,-4.951779115391849e-30
4.747474747474747,0.2,0.0,1399.8836545899644,1000000.1749326667,0.1680526015206669,5.657688312128483e-30,6.038874651992358e-29
4.848484848484849,0.2,0.0,1399.8873346629987,1000000.1749326667,0.16805333979036283,7.239237027733394e-30,-1.3555158630478881e-28
4.94949494949495,0.2,0.0,1399.89075402538,1000000.1749326667,0.16805402575796274,8.968594872801018e-29,2.6813400267458793e-28
5.05050505050505,0.2,0.0,1399.893931145788,1000000.1749326667,0.16805466312855344,1.7613192845633228e-29,7.397858189890694e-28
5.151515151515151,0.2,0.0,1399.896883184945,1000000.1749326667,0.1680552553448086,-2.3845800788238508e-30,7.259164637459687e-28
5.252525252525253,0.2,0.0,1399.899626087315,1000000.1749326667,0.16805580560552397,-1.581085085824689e-30,1.9357915507121707e-28
5.353535353535354,0.2,0.0,1399.9021746686715,1000000.1749326667,0.16805631688288405,1.3472749109539635e-29,3.3152997055899053e-28
5.454545454545454,0.2,0.0,1399.9045426950743,1000000.1749326667,0.16805679193856593,-1.471699356140991e-30,1.518109813823384e-29
5.555555555555555,0.2,0.0,1399.906742957572,1000000.1749326667,0.16805723333860856,-5.181545287949148e-30,-2.325268736971503e-28
5.656565656565657,0.2,0.0,1399.9087873407714,1000000.1749326667,0.16805764346728047,-3.492061567266952e-31,-7.48211156402032e-28
5.757575757575758,0.2,0.0,1399.9106868879355,1000000.1749326667,0.16805802453995328,-1.5024590559311584e-30,-8.031297655499851e-28
5.858585858585858,0.2,0.0,1399.9124518594872,1000000.1749326667,0.16805837861506537,-1.3616243543474697e-30,-1.4252229101495231e-27
5.959595959595959,0.2,0.0,1399.9140917895666,1000000.1749326667,0.16805870760523636,-3.430615023351544e-30,-1.5782443086654085e-27
6.0606060606060606,0.2,0.0,1399.9156155363141,1000000.1749326667,0.1680590132875933,2.1952676884205188e-30,-1.5654039731983243e-27
6.161616161616162,0.2,0.0,1399.9170313310558,1000000.1749326667,0.16805929731337446,-3.6078966549346956e-30,-1.2632738189611013e-27
6.262626262626262,0.2,0.0,1399.9183468212623,1000000.1749326667,0.16805956121683555,1.1325855590429389e-29,-1.4629499123335655e-27
6.363636363636363,0.2,0.0,1399.919569113119,1000000.1749326667,0.1680598064235591,-1.9459863488046542e-29,-1.8704580934836882e-27
6.4646464646464645,0.2,0.0,1399.9207048092528,1000000.1749326667,0.16806003425809876,3.0646818163228677e-29,-2.374791360681231e-27
6.565656565656566,0.2,0.0,1399.921760045079,1000000.1749326667,0.1680602459512357,-1.076690313386465e-28,-2.106389530368558e-27
6.666666666666667,0.2,0.0,1399.9227405200181,1000000.1749326667,0.16806044264647896,1.0763415674514608e-28,-2.999765833830556e-27
6.767676767676767,0.2,0.0,1399.9236515315044,1000000.1749326667,0.1680606254064189,-7.777767351385858e-29,-2.3339048532250824e-27
6.8686868686868685,0.2,0.0,1399.924497999779,1000000.1749326667,0.1680607952182714,2.4483551717662663e-29,-3.5016464286559984e-27
6.96969696969697,0.2,0.0,1399.9252844982882,1000000.1749326667,0.16806095299939805,2.6737116568318846e-30,-3.1953332099664837e-27
7.070707070707071,0.2,0.0,1399.9260152753718,1000000.1749326667,0.16806109960212096,2.120501038217759e-31,-2.9460540710117253e-27
7.171717171717171,0.2,0.0,1399.9266942786041,1000000.1749326667,0.1680612358183834,3.879096160148465e-29,-3.243743328887827e-27
7.2727272727272725,0.2,0.0,1399.9273251752206,1000000.1749326667,0.16806136238386993,-8.494074380084311e-30,-2.9586375391468167e-27
7.373737373737374,0.2,0.0,1399.9279113736504,1000000.1749326667,0.16806147998235355,-4.359104270323929e-31,-2.817460921238411e-27
7.474747474747475,0.2,0.0,1399.9284560428414,1000000.1749326667,0.16806158924956474,2.1697473546330772e-30,-2.636170088625269e-27
7.575757575757575,0.2,0.0,1399.9289621234316,1000000.1749326667,0.16806169077543287,2.235741596209234e-30,-2.4535196454080486e-27
7.6767676767676765,0.2,0.0,1399.929432349482,1000000.1749326667,0.16806178510844405,-2.841214638313017e-30,-2.2466078622010828e-27
7.777777777777778,0.2,0.0,1399.929869261365,1000000.1749326667,0.1680618727582282,6.205658795592074e-31,-2.077900700290496e-27
7.878787878787879,0.2,0.0,1399.9302752182987,1000000.1749326667,0.1680619541980741,2.5552163412590393e-30,-1.9706630309379142e-27
7.979797979797979,0.2,0.0,1399.9306524138985,1000000.1749326667,0.168062029868047,-6.819722561371779e-32,-1.8114609283033695e-27
8.080808080808081,0.2,0.0,1399.9310028862305,1000000.1749326667,0.1680621001770076,2.612142726617999e-30,-1.669720677102491e-27
8.181818181818182,0.2,0.0,1399.9313285284873,1000000.1749326667,0.16806216550475175,-3.597494335151139e-32,-1.5511086275112806e-27
8.282828282828282,0.2,0.0,1399.9316310993597,1000000.1749326667,0.16806222620409947,-4.404326109490179e-31,-1.4442548106547512e-27
8.383838383838384,0.2,0.0,1399.93191223341,1000000.1749326667,0.16806228260297001,-5.220817710930969e-31,-1.3324214838544974e-27
8.484848484848484,0.2,0.0,1399.932173449729,1000000.1749326667,0.16806233500609766,3.5809856514325916e-31,-1.1087452303074873e-27
8.585858585858587,0.2,0.0,1399.9324161594445,1000000.1749326667,0.16806238369657533,2.201997491639645e-31,-9.266526112523738e-28
8.686868686868687,0.2,0.0,1399.9326416735928,1000000.1749326667,0.1680624289374162,-8.477070562398568e-32,-8.64121491350055e-28
8.787878787878787,0.2,0.0,1399.9328512104303,1000000.1749326667,0.16806247097301705,1.37820486756991e-30,-8.030703511801841e-28
8.88888888888889,0.2,0.0,1399.9330459019723,1000000.1749326667,0.16806251003047276,-2.3057407604301464e-31,-6.745267143165227e-28
8.98989898989899,0.2,0.0,1399.933226799986,1000000.1749326667,0.16806254632078024,6.44961903592875e-31,-5.50548561480624e-28
9.09090909090909,0.2,0.0,1399.93339488169,1000000.1749326667,0.16806258003998203,-2.2949693695244963e-31,-4.854034741714396e-28
9.191919191919192,0.2,0.0,1399.9335510550882,1000000.1749326667,0.16806261137023482,-5.39221421636816e-32,-4.410691266559543e-28
9.292929292929292,0.2,0.0,1399.9336961638724,1000000.1749326667,0.16806264048079322,3.772506802192485e-31,-3.780809120007189e-28
9.393939393939394,0.2,0.0,1399.933830991954,1000000.1749326667,0.1680626675289191,3.2331552886041974e-31,-3.072847034361636e-28
9.494949494949495,0.2,0.0,1399.9339562676964,1000000.1749326667,0.1680626926607313,-1.2999972756710138e-31,-2.5649209174326836e-28
9.595959595959595,0.2,0.0,1399.934072667862,1000000.1749326667,0.16806271601199618,1.9714550492763445e-31,-2.220727987609312e-28
9.696969696969697,0.2,0.0,1399.9341808212703,1000000.1749326667,0.16806273770886282,-5.894470242712894e-31,-1.8768659897058385e-28
9.797979797979798,0.2,0.0,1399.9342813121916,1000000.1749326667,0.16806275786854266,9.220537115653753e-31,-1.5176788561529878e-28
9.8989898989899,0.2,0.0,1399.9343746834982,1000000.1749326667,0.16806277659994262,-5.053324797561822e-31,-1.2830992258960457e-28
10.0,0.2,0.0,1399.9344614396027,1000000.1749326667,0.1680627940042538,-9.580624357497779e-32,-1.2603887571989537e-28
0.0,0.1,0.0,1398.1792179657193,1800000.157894978,0.1887154889762909,0.0,0.0
0.10101010101010101,0.1,0.0,1398.2425863208318,1800000.157894978,0.18872821197358897,9.173120904461107e-31,6.52964798049433e-30
0.20202020202020202,0.1,0.0,1398.3036690354243,1800000.157894978,0.18874048159863313,1.3740566282005024e-30,-1.0986778624198592e-29
0.30303030303030304,0.1,0.0,1398.3625793208892,1800000.157894978,0.18875231474229717,6.792185378902812e-31,-2.550263477549861e-30
0.40404040404040403,0.1,0.0,1398.4193942922286,1800000.157894978,0.1887637269020131,1.886049195689922e-29,6.019216225807689e-28
0.5050505050505051,0.1,0.0,1398.4741883012864,1800000.157894978,0.188774733026937,1.74088729611744e-29,1.5280241436083935e-27
0.6060606060606061,0.1,0.0,1398.527033068721,1800000.157894978,0.18878534753786194,-1.3692817996217488e-30,1.5290877370447389e-27
0.7070707070707071,0.1,0.0,1398.5779979579552,1800000.157894978,0.18879558436732663,1.0240860498853573e-30,1.28021302536434e-27
0.8080808080808081,0.1,0.0,1398.6271497113248,1800000.157894978,0.18880545693732104,-5.975151427150014e-31,1.2049558277183996e-27
0.9090909090909091,0.1,0.0,1398.6745526505588,1800000.157894978,0.1888149781772422,-4.6846104124018164e-33,1.1942541129361111e-27
1.0101010101010102,0.1,0.0,1398.7202688954826,1800000.157894978,0.18882416056923643,1.1092224403336014e-33,1.1640064647832427e-27
1.1111111111111112,0.1,0.0,1398.7643583867641,1800000.157894978,0.18883301615821435,-6.06139917349989e-32,1.106683904769315e-27
1.2121212121212122,0.1,0.0,1398.806878912452,1800000.157894978,0.1888415565617506,-2.4367551003455202e-32,1.0424108644155643e-27
1.3131313131313131,0.1,0.0,1398.8478862719883,1800000.157894978,0.18884979298354418,-1.66254821379276e-33,9.840861792177453e-28
1.4141414141414141,0.1,0.0,1398.8874342282356,1800000.157894978,0.1888577362295568,-3.118107425061353e-34,9.380141474044548e-28
1.5151515151515151,0.1,0.0,1398.9255745361681,1800000.157894978,0.18886539672217637,1.1072388439989456e-33,9.040102915523623e-28
1.6161616161616161,0.1,0.0,1398.9623571730936,1800000.157894978,0.1888727845133366,4.884070972020759e-33,8.74605514982108e-28
1.7171717171717171,0.1,0.0,1398.9978305349189,1800000.157894978,0.1888799093007494,3.555324220170718e-33,8.453473751312415e-28
1.8181818181818181,0.1,0.0,1399.0320412595133,1800000.157894978,0.18888678043785434,-5.60029928936804e-33,8.156833732322123e-28
1.9191919191919191,0.1,0.0,1399.0650339952003,1800000.157894978,0.18889340694597556,-9.984590274496931e-33,7.861816497133247e-28
2.0202020202020203,0.1,0.0,1399.0968522861288,1800000.157894978,0.1888997975265667,1.870640540367318e-33,7.575640937952514e-28
2.121212121212121,0.1,0.0,1399.127538078597,1800000.157894978,0.18890596057121345,2.2225987954655112e-32,7.303571980107787e-28
2.2222222222222223,0.1,0.0,1399.1571313858722,1800000.157894978,0.18891190417329135,2.3406655495387826e-32,7.043781676799313e-28
2.323232323232323,0.1,0.0,1399.1856704020793,1800000.157894978,0.1889176361396968,-2.003237507084624e-32,6.7924025355411325e-28
2.4242424242424243,0.1,0.0,1399.2131938733248,1800000.157894978,0.18892316399998735,-7.19027806745756e-32,6.549154530880635e-28
2.525252525252525,0.1,0.0,1399.2397386391992,1800000.157894978,0.18892849501605177,-4.0919067878696985e-32,6.316908214836303e-28
2.6262626262626263,0.1,0.0,1399.2653359965557,1800000.157894978,0.18893363619264703,9.542648081473112e-32,6.096725354146155e-28
2.727272727272727,0.1,0.0,1399.290020694905,1800000.157894978,0.18893859428449244,2.2258903941235464e-31,5.884714782332413e-28
2.8282828282828283,0.1,0.0,1399.3138305279506,1800000.157894978,0.18894337580636877,1.0785249194375083e-31,5.6718646058273975e-28
2.929292929292929,0.1,0.0,1399.3367996120364,1800000.157894978,0.1889479870401074,-2.5090743970365743e-31,5.4559985222549405e-28
3.0303030303030303,0.1,0.0,1399.3589445040668,1800000.157894978,0.18895243404711495,1.5366566193688936e-31,5.273778451009444e-28
3.131313131313131,0.1,0.0,1399.3802991007672,1800000.157894978,0.18895672267337793,-9.632776777015573e-32,5.083144098124024e-28
3.2323232323232323,0.1,0.0,1399.4008921232526,1800000.157894978,0.18896085855622935,2.1860026504909641e-32,4.895564705191101e-28
3.3333333333333335,0.1,0.0,1399.4207517328744,1800000.157894978,0.1889648471326395,2.657066925858255e-31,4.746515391027674e-28
3.4343434343434343,0.1,0.0,1399.4399039495163,1800000.157894978,0.188968693645476,1.3540947441081085e-30,4.593228356308949e-28
3.5353535353535355,0.1,0.0,1399.4583740903481,1800000.157894978,0.1889724031526422,4.892865529627522e-31,4.382447730950833e-28
3.6363636363636362,0.1,0.0,1399.476186514911,1800000.157894978,0.18897598053143855,-7.60648644678438e-32,4.24210946467417e-28
3.7373737373737375,0.1,0.0,1399.4933645259784,1800000.157894978,0.1889794304834242,9.129410853419969e-32,4.085604697116031e-28
3.8383838383838382,0.1,0.0,1399.5099306769916,1800000.157894978,0.188982757543615,1.3890780631209406e-32,3.9434782547994793e-28
3.9393939393939394,0.1,0.0,1399.5259067586715,1800000.157894978,0.188985966089255,-8.506253402616881e-33,3.8017910747291352e-28
4.040404040404041,0.1,0.0,1399.541313778209,1800000.157894978,0.18898906034057086,6.410754202688421e-33,3.6670753208362197e-28
4.141414141414141,0.1,0.0,1399.556172023991,1800000.157894978,0.18899204437248388,-1.5350153030820797e-32,3.5357058126232272e-28
4.242424242424242,0.1,0.0,1399.5705010278366,1800000.157894978,0.1889949221086178,1.7718066292145908e-33,3.410089835922632e-28
4.343434343434343,0.1,0.0,1399.5843196185726,1800000.157894978,0.18899769733099925,1.6520961707829973e-32,3.289415077465686e-28
4.444444444444445,0.1,0.0,1399.5976459607261,1800000.157894978,0.18900037368879058,-2.2107121615723087e-32,3.170806813280611e-28
4.545454545454545,0.1,0.0,1399.6104975867613,1800000.157894978,0.18900295470296807,1.0789119021011997e-32,3.0586669677649864e-28
4.646464646464646,0.1,0.0,1399.622891402268,1800000.157894978,0.18900544376969225,6.915915149504014e-32,2.9519329911484075e-28
4.747474747474747,0.1,0.0,1399.63484371336,1800000.157894978,0.18900784416436217,4.3831082420464824e-32,2.8460696484225486e-28
4.848484848484849,0.1,0.0,1399.6463702385204,1800000.157894978,0.18901015904348492,-2.5564765875352713e-32,2.7418865084247424e-28
4.94949494949495,0.1,0.0,1399.657486137356,1800000.157894978,0.1890123914521613,5.46985878444097e-32,2.646618254109867e-28
5.05050505050505,0.1,0.0,1399.6682060240712,1800000.157894978,0.1890145443269337,3.4052653690189865e-31,2.5627987973459002e-28
5.151515151515151,0.1,0.0,1399.678543992932,1800000.157894978,0.18901662049923304,7.220255158384651e-31,2.4875757427008783e-28
5.252525252525253,0.1,0.0,1399.688513664564,1800000.157894978,0.18901862270211314,3.5934919759527544e-31,2.3892568975815673e-28
5.353535353535354,0.1,0.0,1399.698128152101,1800000.157894978,0.18902055357049832,-7.46258934329566e-31,2.263588298929724e-28
5.454545454545454,0.1,0.0,1399.7074001120527,1800000.157894978,0.18902241564594516,-1.7694847652028547e-30,2.138720853666622e-28
5.555555555555555,0.1,0.0,1399.7163417467234,1800000.157894978,0.18902421137861034,-4.790295170145655e-31,2.1003110574820486e-28
5.656565656565657,0.1,0.0,1399.7249648198967,1800000.157894978,0.18902594313140525,3.174473953633325e-30,2.162928305688024e-28
5.757575757575758,0.1,0.0,1399.7332806639618,1800000.157894978,0.18902761318309277,5.583229995005897e-30,2.1956455163591785e-28
5.858585858585858,0.1,0.0,1399.7413002111339,1800000.157894978,0.18902922373146064,8.485905620351866e-31,1.9715811541880816e-28
5.959595959595959,0.1,0.0,1399.7490340459908,1800000.157894978,0.18903077689615816,-1.1797519603015912e-29,1.4221185321254436e-28
6.0606060606060606,0.1,0.0,1399.7564923346542,1800000.157894978,0.18903227472113263,-1.8554788951734712e-29,1.0503107980604741e-28
6.161616161616162,0.1,0.0,1399.7636848851257,1800000.157894978,0.189033719177732,-2.5714863787752507e-30,1.5107159195861298e-28
6.262626262626262,0.1,0.0,1399.7706211454972,1800000.157894978,0.1890351121671527,4.1955723337678247e-29,3.1391882654455597e-28
6.363636363636363,0.1,0.0,1399.77731030472,1800000.157894978,0.18903645552348636,6.559807724908959e-29,4.15505098693285e-28
6.4646464646464645,0.1,0.0,1399.7837611578525,1800000.157894978,0.18903775101501608,-4.654492541179661e-30,1.6912770835862244e-28
6.565656565656566,0.1,0.0,1399.7899821276662,1800000.157894978,0.18903900034536744,4.214796497677928e-30,9.936988170181934e-29
6.666666666666667,0.1,0.0,1399.7959814271346,1800000.157894978,0.18904020515999934,-6.500784371216461e-31,1.44788899116643e-28
6.767676767676767,0.1,0.0,1399.801766965382,1800000.157894978,0.18904136704473523,2.299798404973808e-29,5.843666746732757e-29
6.8686868686868685,0.1,0.0,1399.8073463577339,1800000.157894978,0.18904248752894284,4.545627042100506e-30,1.5008596896660175e-28
6.96969696969697,0.1,0.0,1399.8127269472232,1800000.157894978,0.18904356808756045,-1.142558490697519e-30,1.176601449749683e-28
7.070707070707071,0.1,0.0,1399.8179158159876,1800000.157894978,0.18904461014303525,1.1299793503377122e-30,1.3531866313710806e-28
7.171717171717171,0.1,0.0,1399.8229197951957,1800000.157894978,0.18904561506719386,-4.019982733546263e-30,1.1076135756708084e-28
7.2727272727272725,0.1,0.0,1399.8277454714266,1800000.157894978,0.18904658418288064,-1.707347419230272e-30,1.0528558808695598e-28
7.373737373737374,0.1,0.0,1399.832399197693,1800000.157894978,0.18904751876604797,2.624413854762565e-30,1.206592481195175e-28
7.474747474747475,0.1,0.0,1399.8368870999295,1800000.157894978,0.1890484200470131,-3.884549726402769e-30,9.725831667515229e-29
7.575757575757575,0.1,0.0,1399.8412150848958,1800000.157894978,0.18904928921208194,-6.055395826955197e-30,7.551424434513258e-29
7.6767676767676765,0.1,0.0,1399.845388849481,1800000.157894978,0.18905012740535848,6.159653745462187e-30,1.1602876273876624e-28
7.777777777777778,0.1,0.0,1399.8494138878677,1800000.157894978,0.1890509357302861,9.955801950250364e-30,1.371760744932105e-28
7.878787878787879,0.1,0.0,1399.8532954994107,1800000.157894978,0.1890517152511205,-4.0651587421772906e-30,8.834197076043673e-29
7.979797979797979,0.1,0.0,1399.857038795327,1800000.157894978,0.18905246699435596,-2.1473253538663197e-29,5.9221411990309226e-30
8.080808080808081,0.1,0.0,1399.8606487037503,1800000.157894978,0.1890531919497711,4.501308535090912e-30,8.328395900063046e-29
8.181818181818182,0.1,0.0,1399.8641299771093,1800000.157894978,0.18905389107181253,4.332614311826355e-29,2.417185878821701e-28
8.282828282828282,0.1,0.0,1399.8674871986352,1800000.157894978,0.18905456528095244,5.511878545132093e-29,2.9794292978061937e-28
8.383838383838384,0.1,0.0,1399.870724787831,1800000.157894978,0.18905521546476342,-4.081868587021005e-29,-3.7851068080779874e-29
8.484848484848484,0.1,0.0,1399.87384700727,1800000.157894978,0.18905584247930052,-1.4502041365794326e-28,-4.536560388445579e-28
8.585858585858587,0.1,0.0,1399.876857967558,1800000.157894978,0.18905644715008302,-2.529019533385914e-28,-9.023681867382594e-28
8.686868686868687,0.1,0.0,1399.8797616326246,1800000.157894978,0.18905703027321935,-1.8342547053603768e-28,-7.096443020932783e-28
8.787878787878787,0.1,0.0,1399.882561826127,1800000.157894978,0.1890575926166042,1.0635890580750298e-28,3.521609403696394e-28
8.88888888888889,0.1,0.0,1399.8852622347842,1800000.157894978,0.18905813492059573,3.5517232950139958e-28,1.3484911303632339e-27
8.98989898989899,0.1,0.0,1399.8878664149136,1800000.157894978,0.18905865789941234,4.258139073926512e-28,1.7850883229369655e-27
9.09090909090909,0.1,0.0,1399.8903777943387,1800000.157894978,0.18905916224154726,2.1666972532288233e-28,1.0869828917022787e-27
9.191919191919192,0.1,0.0,1399.8927996802634,1800000.157894978,0.18905964861118751,-3.1906808664112427e-28,-9.884965035616084e-28
9.292929292929292,0.1,0.0,1399.8951352615052,1800000.157894978,0.1890601176486492,-7.009627681642922e-28,-2.5935819894577208e-27
9.393939393939394,0.1,0.0,1399.8973876134332,1800000.157894978,0.18906056997158335,-6.430271331478162e-28,-2.6368252218815275e-27
9.494949494949495,0.1,0.0,1399.8995597009616,1800000.157894978,0.18906100617554486,1.0797065762723631e-28,6.538803407352778e-29
9.595959595959595,0.1,0.0,1399.901654384523,1800000.157894978,0.1890614268349537,1.3896899815079655e-27,5.036026541026604e-27
9.696969696969697,0.1,0.0,1399.9036744229072,1800000.157894978,0.18906183250370628,1.9354463551470757e-27,7.551644409979695e-27
9.797979797979798,0.1,0.0,1399.9056224759058,1800000.157894978,0.18906222371600392,1.1995758448015287e-27,5.387642561317802e-27
9.8989898989899,0.1,0.0,1399.9075011075715,1800000.157894978,0.18906260098692695,-1.160793784642434e-27,-3.4093070886072046e-27
10.0,0.1,0.0,1399.9093127917424,1800000.157894978,0.18906296481326273,-4.170633609447225e-27,-1.5347529269971122e-26
0.0,0.15,0.0,1398.2380784721997,1800000.1659142384,0.17822268915691358,0.0,0.0
0.10101010101010101,0.15,0.0,1398.3025876243998,1800000.1659142384,0.1782356981556661,-1.0084544453698604e-30,-3.186215479690598e-29
0.20202020202020202,0.15,0.0,1398.364635900478,1800000.1659142384,0.1782482168949011,2.492609041375923e-32,-4.210325877810256e-29
0.30303030303030304,0.15,0.0,1398.4243498955002,1800000.1659142384,0.17826026457144567,2.218451999616469e-31,-4.0769629554452695e-29
0.40404040404040403,0.15,0.0,1398.4818172676235,1800000.1659142384,0.1782718588807905,1.6845172546685414e-32,-4.013412633164404e-29
0.5050505050505051,0.15,0.0,1398.5371223582617,1800000.1659142384,0.17828301685581094,-4.772043208595438e-31,-4.135387448145838e-29
0.6060606060606061,0.15,0.0,1398.5903464064559,1800000.1659142384,0.17829375489152638,3.7468375231331303e-31,-4.2443298862767255e-29
0.7070707070707071,0.15,0.0,1398.641567576928,1800000.1659142384,0.1783040887688522,1.6996503634529104e-30,8.301473341890465e-30
0.8080808080808081,0.15,0.0,1398.690861125408,1800000.1659142384,0.17831403367744952,8.514751315425725e-32,9.911405147258464e-29
0.9090909090909091,0.15,0.0,1398.7382994811662,1800000.1659142384,0.17832360423868474,1.3283539073270655e-30,1.798723914244195e-28
1.0101010101010102,0.15,0.0,1398.7839523379175,1800000.1659142384,0.17833281452522182,-7.058749793639867e-31,2.066808104715621e-28
1.1111111111111112,0.15,0.0,1398.8278867946315,1800000.1659142384,0.17834167808075652,-8.554063570684103e-31,1.6227137745044997e-28
1.2121212121212122,0.15,0.0,1398.8701674796762,1800000.1659142384,0.17835020794159354,6.7235322539766925e-31,1.4069455428734787e-28
1.3131313131313131,0.15,0.0,1398.9108565160636,1800000.1659142384,0.17835841665564092,9.161062939971168e-31,1.587907986461485e-28
1.4141414141414141,0.15,0.0,1398.950013775251,1800000.1659142384,0.17836631630010277,-2.6671953944762e-31,1.8115270383892741e-28
1.5151515151515151,0.15,0.0,1398.9876968255976,1800000.1659142384,0.1783739184994121,-2.4048830311265254e-30,1.2949161888132366e-28
1.6161616161616161,0.15,0.0,1399.0239611351815,1800000.1659142384,0.17838123444130782,5.553015244063742e-31,6.613050940950752e-29
1.7171717171717171,0.15,0.0,1399.058860069997,1800000.1659142384,0.1783882748934119,3.0327184763931834e-30,9.982184574630593e-29
1.8181818181818181,0.15,0.0,1399.092444894721,1800000.1659142384,0.17839505021917937,-2.146380923710388e-30,1.506687276540353e-28
1.9191919191919191,0.15,0.0,1399.124765184868,1800000.1659142384,0.1784015703936332,-4.8865822424792746e-30,5.8240989332228e-29
2.0202020202020203,0.15,0.0,1399.155868451395,1800000.1659142384,0.17840784501678242,3.358667180097e-30,1.5851262567884555e-29
2.121212121212121,0.15,0.0,1399.1858004411438,1800000.1659142384,0.17841388332710023,-2.7009483565473114e-30,-4.951291488975209e-29
2.2222222222222223,0.15,0.0,1399.21460521376,1800000.1659142384,0.17841969421817241,-1.3682533905416985e-30,-6.006743678848904e-29
2.323232323232323,0.15,0.0,1399.2423250945335,1800000.1659142384,0.17842528624681547,7.340147584395218e-31,-3.7511339617845396e-29
2.4242424242424243,0.15,0.0,1399.269000975312,1800000.1659142384,0.1784306676508882,7.416584200670859e-31,-4.370420259607513e-29
2.525252525252525,0.15,0.0,1399.2946722925126,1800000.1659142384,0.17843584635727877,6.568262458665709e-30,3.014290529286576e-29
2.6262626262626263,0.15,0.0,1399.3193767216542,1800000.1659142384,0.17844082999559646,-9.282152249937903e-30,-1.8383093620521013e-28
2.727272727272727,0.15,0.0,1399.3431506708612,1800000.1659142384,0.17844562591141155,1.0258641414500381e-29,-2.6182109422615354e-29
2.8282828282828283,0.15,0.0,1399.3660291541948,1800000.1659142384,0.178450241170073,-5.164602431123002e-30,6.877311926092039e-28
2.929292929292929,0.15,0.0,1399.3880458315848,1800000.1659142384,0.17845468256333766,-1.6985545318770095e-29,4.653305793191679e-28
3.0303030303030303,0.15,0.0,1399.4092331920644,1800000.1659142384,0.1784589566467569,8.487012284771867e-30,4.0121783352811547e-28
3.131313131313131,0.15,0.0,1399.4296224472598,1800000.1659142384,0.17846306971823764,2.355461601084983e-31,3.70629334247367e-28
3.2323232323232323,0.15,0.0,1399.4492436312457,1800000.1659142384,0.17846702783783758,-1.4724363178682392e-30,1.2969445827699836e-28
3.3333333333333335,0.15,0.0,1399.4681256608694,1800000.1659142384,0.1784708368399833,-7.507588877949399e-31,2.1877105925983934e-29
3.4343434343434343,0.15,0.0,1399.486296369311,1800000.1659142384,0.17847450234064077,-2.5347863791961742e-30,1.0624591737393788e-29
3.5353535353535355,0.15,0.0,1399.5037825405907,1800000.1659142384,0.17847802974383115,-2.509160741288955e-30,-8.66271735886707e-30
3.6363636363636362,0.15,0.0,1399.5206099437437,1800000.1659142384,0.1784814242491317,-1.2557414043547166e-30,-6.567564128179114e-29
3.7373737373737375,0.15,0.0,1399.536803372995,1800000.1659142384,0.1784846908606043,-8.023236155373262e-30,-3.050191344162368e-28
3.8383838383838382,0.15,0.0,1399.552386708672,1800000.1659142384,0.17848783439452376,-7.046539519944801e-30,-6.796305697711742e-28
3.9393939393939394,0.15,0.0,1399.5673829273007,1800000.1659142384,0.17849085948621843,-5.139195136623351e-30,-1.0482813589661994e-27
4.040404040404041,0.15,0.0,1399.5818141386421,1800000.1659142384,0.178493770596615,-3.7386083784225454e-30,-1.3227795497785621e-27
4.141414141414141,0.15,0.0,1399.5957016239738,1800000.1659142384,0.1784965720186911,-3.274094682791172e-30,-1.501718235680438e-27
4.242424242424242,0.15,0.0,1399.6090658579394,1800000.1659142384,0.1784992678838862,-5.611505254919036e-30,-1.6809371861451038e-27
4.343434343434343,0.15,0.0,1399.6219265574466,1800000.1659142384,0.17850186216913727,-3.429117340656721e-30,-1.775693624344322e-27
4.444444444444445,0.15,0.0,1399.634302683861,1800000.1659142384,0.17850435869949755,3.685519611072085e-30,-1.743031379051713e-27
4.545454545454545,0.15,0.0,1399.646212480062,1800000.1659142384,0.17850676115659048,-2.84600737891735e-31,-1.6475556169328404e-27
4.646464646464646,0.15,0.0,1399.6576735011254,1800000.1659142384,0.1785090730841347,-4.127657390320838e-31,-1.423939674922284e-27
4.747474747474747,0.15,0.0,1399.6687026440025,1800000.1659142384,0.17851129789133738,3.3947766073710385e-30,-1.1286782681170847e-27
4.848484848484849,0.15,0.0,1399.6793162026652,1800000.1659142384,0.17851343886103166,2.357989641526936e-31,-9.126594257912872e-28
4.94949494949495,0.15,0.0,1399.689529824805,1800000.1659142384,0.17851549915167297,-1.7681292701817718e-30,-8.33893873099344e-28
5.05050505050505,0.15,0.0,1399.699358578582,1800000.1659142384,0.17851748180337157,-1.4350109382417116e-30,-9.160672715823452e-28
5.151515151515151,0.15,0.0,1399.7088169533295,1800000.1659142384,0.17851938974098439,1.152958781064827e-30,-1.0209704976277362e-27
5.252525252525253,0.15,0.0,1399.717918934636,1800000.1659142384,0.17852122577920065,1.1864974382809893e-30,-1.117929544654742e-27
5.353535353535354,0.15,0.0,1399.7266779357321,1800000.1659142384,0.17852299262660512,-3.443355366355425e-30,-1.1411484197252575e-27
5.454545454545454,0.15,0.0,1399.7351068079913,1800000.1659142384,0.17852469288995598,-8.754894100345309e-30,-1.1279580102945889e-27
5.555555555555555,0.15,0.0,1399.7432180225107,1800000.1659142384,0.17852632907782925,-7.637838186100495e-30,-1.0627862412644235e-27
5.656565656565657,0.15,0.0,1399.751023597512,1800000.1659142384,0.17852790360452808,5.297809690813255e-30,-9.83293165339331e-28
5.757575757575758,0.15,0.0,1399.7585351467649,1800000.1659142384,0.1785294187933561,2.609078966717311e-29,-9.162785585844976e-28
5.858585858585858,0.15,0.0,1399.7657634736,1800000.1659142384,0.17853087687999206,3.3341287521155797e-29,-9.25064470768485e-28
5.959595959595959,0.15,0.0,1399.772719257351,1800000.1659142384,0.17853228001602986,1.7496739471836886e-30,-1.0825084341802526e-27
6.0606060606060606,0.15,0.0,1399.7794130694028,1800000.1659142384,0.1785336302720034,-8.502898031725364e-29,-1.4551266757759053e-27
6.161616161616162,0.15,0.0,1399.785854914695,1800000.1659142384,0.17853492964046658,-1.5260823586383829e-28,-1.8534647623767305e-27
6.262626262626262,0.15,0.0,1399.7920539027505,1800000.1659142384,0.17853618003898827,-9.705538705134252e-29,-1.7651507831921685e-27
6.363636363636363,0.15,0.0,1399.7980181820828,1800000.1659142384,0.1785373833128139,2.025437965351133e-28,-4.2762381486450805e-28
6.4646464646464645,0.15,0.0,1399.8037584514839,1800000.1659142384,0.1785385412370143,5.549850049607874e-28,1.0118825827304744e-27
6.565656565656566,0.15,0.0,1399.8092835134264,1800000.1659142384,0.1785396555205154,1.693193070593178e-28,-1.1343254739925518e-27
6.666666666666667,0.15,0.0,1399.8145993848295,1800000.1659142384,0.178540727808828,1.5097472308445333e-28,-2.5231177254546293e-27
6.767676767676767,0.15,0.0,1399.8197147453286,1800000.1659142384,0.17854175968380276,3.417383667465188e-29,-2.4125406736282988e-27
6.8686868686868685,0.15,0.0,1399.8246374291687,1800000.1659142384,0.17854275266841568,1.7658436064239098e-29,-2.2026882653939164e-27
6.96969696969697,0.15,0.0,1399.829374575737,1800000.1659142384,0.17854370822818486,1.3215887345687827e-31,-2.1230675960467048e-27
7.070707070707071,0.15,0.0,1399.833933180953,1800000.1659142384,0.17854462777344265,-9.052728659224703e-31,-2.0326398454342267e-27
7.171717171717171,0.15,0.0,1399.8383199773443,1800000.1659142384,0.17854551266137786,-4.2073139179251456e-31,-1.953286836864098e-27
7.2727272727272725,0.15,0.0,1399.8425414391863,1800000.1659142384,0.1785463641980532,1.7853558555384635e-30,-1.882655461119902e-27
7.373737373737374,0.15,0.0,1399.8466037966837,1800000.1659142384,0.1785471836403372,-6.847666653174706e-32,-1.8120380436096964e-27
7.474747474747475,0.15,0.0,1399.85051304527,1800000.1659142384,0.17854797219775098,1.0370600829963305e-30,-1.7412621237176054e-27
7.575757575757575,0.15,0.0,1399.8542749553558,1800000.1659142384,0.17854873103424057,-3.2387401340645735e-31,-1.6790826809722135e-27
7.6767676767676765,0.15,0.0,1399.8578950793406,1800000.1659142384,0.17854946126984128,3.258793836697996e-31,-1.6132343437157326e-27
7.777777777777778,0.15,0.0,1399.8613787603274,1800000.1659142384,0.1785501639823785,1.5565186407944663e-31,-1.5516887921854405e-27
7.878787878787879,0.15,0.0,1399.8647311401412,1800000.1659142384,0.1785508402091043,-3.406225439817681e-31,-1.496721890495969e-27
7.979797979797979,0.15,0.0,1399.8679571673833,1800000.1659142384,0.17855149094825942,5.273623059828813e-31,-1.4361076618340621e-27
8.080808080808081,0.15,0.0,1399.8710616046596,1800000.1659142384,0.17855211716056496,3.337387488541197e-31,-1.3818697417423509e-27
8.181818181818182,0.15,0.0,1399.8740490347816,1800000.1659142384,0.1785527197704767,-7.135005928081932e-31,-1.3356775564437595e-27
8.282828282828282,0.15,0.0,1399.876923865617,1800000.1659142384,0.17855329966716268,4.985972697890723e-31,-1.2816626030523598e-27
8.383838383838384,0.15,0.0,1399.879690340116,1800000.1659142384,0.17855385770653412,2.638487385928549e-30,-1.2206409340373295e-27
8.484848484848484,0.15,0.0,1399.8823525417126,1800000.1659142384,0.17855439471229473,1.5290105544734975e-30,-1.177204213855229e-27
8.585858585858587,0.15,0.0,1399.8849144003818,1800000.1659142384,0.17855491147718572,-2.3225388947158215e-30,-1.1515578944829501e-27
8.686868686868687,0.15,0.0,1399.88737969912,1800000.1659142384,0.17855540876429926,-4.241839106374871e-30,-1.1231187856197667e-27
8.787878787878787,0.15,0.0,1399.88975207747,1800000.1659142384,0.17855588730782165,2.6172158538174183e-30,-1.0493157937373987e-27
8.88888888888889,0.15,0.0,1399.8920350374012,1800000.1659142384,0.17855634781415822,7.060255214481972e-30,-9.806320809812964e-28
8.98989898989899,0.15,0.0,1399.8942319485018,1800000.1659142384,0.17855679096306237,1.2041810787673642e-30,-9.649787977115415e-28
9.09090909090909,0.15,0.0,1399.8963460534499,1800000.1659142384,0.17855721740866567,-1.4181323586439242e-29,-1.0107775375817442e-27
9.191919191919192,0.15,0.0,1399.8983804738411,1800000.1659142384,0.178557627780602,-8.618116317002488e-30,-9.645576117704879e-28
9.292929292929292,0.15,0.0,1399.9003382132066,1800000.1659142384,0.17855802268470863,1.919547869100452e-29,-7.869790085970197e-28
9.393939393939394,0.15,0.0,1399.9022221610064,1800000.1659142384,0.17855840270388318,2.7744085642816053e-29,-6.864461003930538e-28
9.494949494949495,0.15,0.0,1399.904035098184,1800000.1659142384,0.17855876839914095,-4.476594330007939e-30,-8.183750801058448e-28
9.595959595959595,0.15,0.0,1399.9057797020591,1800000.1659142384,0.17855912031050808,4.326264455708383e-30,-7.600943642502533e-28
9.696969696969697,0.15,0.0,1399.907458547319,1800000.1659142384,0.1785594589573579,-1.3225174116256685e-29,-7.955714052823485e-28
9.797979797979798,0.15,0.0,1399.9090741134864,1800000.1659142384,0.17855978483977555,6.333332089320426e-30,-7.287135462728907e-28
9.8989898989899,0.15,0.0,1399.9106287839738,1800000.1659142384,0.1785600984386656,2.9161418271838355e-29,-4.9776186285551165e-28
10.0,0.15,0.0,1399.9121248553713,1800000.1659142384,0.1785604002172156,-3.1006532560575927e-30,-7.534762932649265e-28
0.0,0.2,0.0,1398.2990065863312,1800000.1749361553,0.167730216918409,0.0,0.0
0.10101010101010101,0.2,0.0,1398.3647825809462,1800000.1749361553,0.16774353855257798,2.4050294361441545e-35,4.300746875787573e-31
0.20202020202020202,0.2,0.0,1398.4278961702348,1800000.1749361553,0.16775632743669447,-1.5900652928231145e-35,4.127850430996028e-31
0.30303030303030304,0.2,0.0,1398.488489797997,1800000.1749361553,0.16776860559721515,6.274673390661584e-38,3.96238550150711e-31
0.40404040404040403,0.2,0.0,1398.5466638973678,1800000.1749361553,0.16778039339663314,3.501066489427754e-37,3.8039339112376015e-31
0.5050505050505051,0.2,0.0,1398.6025149136733,1800000.1749361553,0.16779171038825402,1.7016880972279125e-37,3.6518771619484488e-31
0.6060606060606061,0.2,0.0,1398.6561354582768,1800000.1749361553,0.1678025753477404,-9.636582352908794e-37,3.5058466211963595e-31
0.7070707070707071,0.2,0.0,1398.7076144670973,1800000.1749361553,0.16781300630495463,2.0082423893032455e-29,-2.317661410672598e-28
0.8080808080808081,0.2,0.0,1398.7570373370831,1800000.1749361553,0.1678230205718381,-3.0501442735073917e-30,1.0654767433861783e-28
0.9090909090909091,0.2,0.0,1398.8044860719626,1800000.1749361553,0.1678326347720942,-1.109933941697189e-30,1.329159231838606e-28
1.0101010101010102,0.2,0.0,1398.8500394141736,1800000.1749361553,0.16784186486788621,-3.722099538850179e-30,8.884869961348358e-29
1.1111111111111112,0.2,0.0,1398.8937729754693,1800000.1749361553,0.16785072618633978,2.0909250747519708e-30,-5.723529042381445e-28
1.2121212121212122,0.2,0.0,1398.9357594106484,1800000.1749361553,0.16785923345479847,1.758151012413826e-29,-8.543060310524323e-28
1.3131313131313131,0.2,0.0,1398.9760683447298,1800000.1749361553,0.16786740078632925,3.406796768153255e-31,-8.958181536633369e-28
1.4141414141414141,0.2,0.0,1399.014766690451,1800000.1749361553,0.16787524174316992,2.291881483150978e-30,-8.55193352821584e-28
1.5151515151515151,0.2,0.0,1399.0519188211053,1800000.1749361553,0.16788276937288474,8.479153965443844e-32,-8.418940541794286e-28
1.6161616161616161,0.2,0.0,1399.0875864209247,1800000.1749361553,0.16788999618085879,2.2998193873985023e-30,-8.066717446170442e-28
1.7171717171717171,0.2,0.0,1399.1218287351624,1800000.1749361553,0.16789693417431192,6.76337948161499e-31,-7.5563084480589745e-28
1.8181818181818181,0.2,0.0,1399.154702677227,1800000.1749361553,0.16790359488694087,1.46461479923537e-30,-7.412770576539436e-28
1.9191919191919191,0.2,0.0,1399.1862628793965,1800000.1749361553,0.1679099893909335,6.704728460108136e-31,-7.363845868488682e-28
2.0202020202020203,0.2,0.0,1399.2165617310106,1800000.1749361553,0.1679161283134118,5.157027829472672e-31,-7.341965532787565e-28
2.121212121212121,0.2,0.0,1399.245649596512,1800000.1749361553,0.16792202185797792,3.7814842820442213e-31,-7.130461835081363e-28
2.2222222222222223,0.2,0.0,1399.2735749038409,1800000.1749361553,0.16792767982626278,4.411598542562955e-31,-6.702694707229881e-28
2.323232323232323,0.2,0.0,1399.3003840831875,1800000.1749361553,0.16793311163056776,-5.145734219658919e-31,-6.379122422450113e-28
2.4242424242424243,0.2,0.0,1399.3261216936048,1800000.1749361553,0.1679383263058129,-1.4608018070979696e-31,-6.254638042625779e-28
2.525252525252525,0.2,0.0,1399.3508306070753,1800000.1749361553,0.167943332524812,1.7347705983939474e-31,-6.096520535763279e-28
2.6262626262626263,0.2,0.0,1399.3745517018822,1800000.1749361553,0.1679481386143583,3.1890357385795445e-32,-5.863239103462041e-28
2.727272727272727,0.2,0.0,1399.3973244904548,1800000.1749361553,0.16795275256974695,-1.5307114718884297e-32,-5.614851820200582e-28
2.8282828282828283,0.2,0.0,1399.4191873022137,1800000.1749361553,0.16795718206757418,-3.8629702039932568e-31,-5.426181977335995e-28
2.929292929292929,0.2,0.0,1399.440175647205,1800000.1749361553,0.1679614344781079,-4.983374894460212e-32,-5.214479629206927e-28
3.0303030303030303,0.2,0.0,1399.4603248528445,1800000.1749361553,0.16796551687728184,7.046711578507609e-31,-4.942487198808074e-28
3.131313131313131,0.2,0.0,1399.4796698988298,1800000.1749361553,0.1679694360581596,1.1073188497869314e-30,-4.763009218421317e-28
3.2323232323232323,0.2,0.0,1399.4982393129142,1800000.1749361553,0.16797319854292983,-1.4060490364675953e-30,-4.728644606325371e-28
3.3333333333333335,0.2,0.0,1399.5160664256741,1800000.1749361553,0.16797681059354191,-4.652976302958752e-30,-4.685023966671258e-28
3.4343434343434343,0.2,0.0,1399.5331863499828,1800000.1749361553,0.16798027822150144,8.420871347350844e-31,-4.318465527099375e-28
3.5353535353535355,0.2,0.0,1399.5496223126972,1800000.1749361553,0.16798360720024702,-4.4048089912411444e-30,-3.50251482305172e-28
3.6363636363636362,0.2,0.0,1399.565396039414,1800000.1749361553,0.16798680306965003,-8.367851846362614e-31,-1.345412089903128e-29
3.7373737373737375,0.2,0.0,1399.5805390748071,1800000.1749361553,0.16798987115027433,2.311344651769882e-30,-1.4107078871710113e-28
3.8383838383838382,0.2,0.0,1399.595076624485,1800000.1749361553,0.16799281654976408,-1.6590839403839892e-31,-2.3180400930962215e-28
3.9393939393939394,0.2,0.0,1399.6090328874018,1800000.1749361553,0.16799564417175322,3.3191775277118744e-31,-2.30006571313873e-28
4.040404040404041,0.2,0.0,1399.6224310976652,1800000.1749361553,0.16799835872417954,7.168500229148572e-30,-1.159571523671147e-28
4.141414141414141,0.2,0.0,1399.635293560734,1800000.1749361553,0.16800096472692194,8.115464926798792e-30,3.1068690087243704e-28
4.242424242424242,0.2,0.0,1399.6476416916732,1800000.1749361553,0.16800346651936357,1.2122112251918417e-29,7.981586877680008e-28
4.343434343434343,0.2,0.0,1399.6594960482407,1800000.1749361553,0.16800586826698968,3.6329962309604326e-30,1.4588388790137824e-27
4.444444444444445,0.2,0.0,1399.6708763677439,1800000.1749361553,0.16800817396917497,4.916804918712469e-30,1.6754236277396705e-27
4.545454545454545,0.2,0.0,1399.6818016000777,1800000.1749361553,0.16801038746558047,-1.959671720519175e-29,1.115855102894248e-27
4.646464646464646,0.2,0.0,1399.6922899374522,1800000.1749361553,0.16801251244247092,2.898965252069641e-29,1.353798930250675e-27
4.747474747474747,0.2,0.0,1399.7023588461914,1800000.1749361553,0.16801455243884109,-2.866929183858752e-29,1.072676909275337e-27
4.848484848484849,0.2,0.0,1399.7120250947135,1800000.1749361553,0.16801651085232194,2.844845890330183e-30,6.26886731394583e-28
4.94949494949495,0.2,0.0,1399.7213047802957,1800000.1749361553,0.16801839094458437,-1.3522005366992236e-30,4.595674724171317e-28
5.05050505050505,0.2,0.0,1399.7302133577605,1800000.1749361553,0.168020195847171,2.3542471056042867e-30,4.7788034674281765e-28
5.151515151515151,0.2,0.0,1399.738765665383,1800000.1749361553,0.16802192856652895,5.904858055451051e-30,7.132971564781711e-28
5.252525252525253,0.2,0.0,1399.7469759470582,1800000.1749361553,0.16802359198866854,3.510796093889288e-30,1.0013130580596644e-27
5.353535353535354,0.2,0.0,1399.7548578762908,1800000.1749361553,0.16802518888422074,-2.9373878989264454e-30,1.0083904845556247e-27
5.454545454545454,0.2,0.0,1399.7624245849172,1800000.1749361553,0.168026721913728,-4.91781730085808e-30,7.855161047437396e-28
5.555555555555555,0.2,0.0,1399.7696886741592,1800000.1749361553,0.16802819363053526,-1.6291748086059115e-30,4.063797186010364e-28
5.656565656565657,0.2,0.0,1399.7766622437684,1800000.1749361553,0.16802960648631068,3.801118732416633e-31,3.0229731484235072e-28
5.757575757575758,0.2,0.0,1399.7833569122683,1800000.1749361553,0.1680309628352269,-4.1338198764279214e-30,1.950705401025561e-28
5.858585858585858,0.2,0.0,1399.7897838306735,1800000.1749361553,0.16803226493639795,1.7770687854795678e-30,1.2226268383291638e-28
5.959595959595959,0.2,0.0,1399.7959537052998,1800000.1749361553,0.16803351495916638,7.1925885009805255e-31,1.6485509407340432e-28
6.0606060606060606,0.2,0.0,1399.8018768171776,1800000.1749361553,0.16803471498652364,-5.14629720164034e-30,4.78531287648666e-29
6.161616161616162,0.2,0.0,1399.8075630301696,1800000.1749361553,0.1680358670171576,-7.136489329162929e-30,-3.8711599206302466e-28
6.262626262626262,0.2,0.0,1399.813021817146,1800000.1749361553,0.16803697297035886,1.4391166374370792e-30,-5.229508672821286e-28
6.363636363636363,0.2,0.0,1399.8182622754853,1800000.1749361553,0.16803803468931022,-1.1882222763179189e-29,-7.078278713086704e-28
6.4646464646464645,0.2,0.0,1399.823293135388,1800000.1749361553,0.16803905394286844,4.3341871287185566e-30,-1.4782010561131144e-27
6.565656565656566,0.2,0.0,1399.8281227786342,1800000.1749361553,0.16804003242924448,1.825960312085545e-30,-1.579876372882313e-27
6.666666666666667,0.2,0.0,1399.8327592521152,1800000.1749361553,0.1680409717788259,-1.6033789442043342e-30,-1.5558506606380459e-27
6.767676767676767,0.2,0.0,1399.8372102815226,1800000.1749361553,0.16804187355690264,-4.39899887182668e-31,-1.5867990358232112e-27
6.8686868686868685,0.2,0.0,1399.841483282884,1800000.1749361553,0.1680427392660597,5.161179940254303e-30,-1.4233669341433646e-27
6.96969696969697,0.2,0.0,1399.8455853753935,1800000.1749361553,0.16804357034867556,7.57182711841665e-30,-9.895530101733852e-28
7.070707070707071,0.2,0.0,1399.8495233939777,1800000.1749361553,0.16804436818953702,7.125311912669723e-30,-4.574726818326219e-28
7.171717171717171,0.2,0.0,1399.8533039004815,1800000.1749361553,0.16804513411812877,5.771023048646815e-30,-4.267147868778083e-29
7.2727272727272725,0.2,0.0,1399.8569331962697,1800000.1749361553,0.16804586941115,4.104672381934875e-30,1.8923130961633677e-28
7.373737373737374,0.2,0.0,1399.8604173282874,1800000.1749361553,0.16804657529375014,-4.7618650139207185e-30,1.8519161594441527e-28
7.474747474747475,0.2,0.0,1399.8637621010755,1800000.1749361553,0.16804725294197292,-2.056850792947738e-31,7.729060296734635e-29
7.575757575757575,0.2,0.0,1399.8669730873237,1800000.1749361553,0.168047903484927,-7.539147029547416e-30,-2.8818085803501873e-28
7.6767676767676765,0.2,0.0,1399.870055635931,1800000.1749361553,0.1680485280063057,-1.1483982106899097e-29,-7.1261136727663175e-28
7.777777777777778,0.2,0.0,1399.8730148848756,1800000.1749361553,0.16804912754701695,5.3702783262200006e-30,-8.885598503845931e-28
7.878787878787879,0.2,0.0,1399.8758557668002,1800000.1749361553,0.16804970310643405,-1.3882490478280273e-30,-8.973359736648218e-28
7.979797979797979,0.2,0.0,1399.8785830163424,1800000.1749361553,0.16805025564384163,-3.182171983834826e-30,-8.134370975572465e-28
8.080808080808081,0.2,0.0,1399.8812011788193,1800000.1749361553,0.1680507860801538,2.572058262420103e-31,-7.6184348438445865e-28
8.181818181818182,0.2,0.0,1399.883714616827,1800000.1749361553,0.1680512952992374,-9.425282858389049e-32,-7.572430552519342e-28
8.282828282828282,0.2,0.0,1399.8861275184183,1800000.1749361553,0.16805178414965627,4.824825058475991e-33,-7.704046916958688e-28
8.383838383838384,0.2,0.0,1399.888443904596,1800000.1749361553,0.16805225344605831,-5.864455934492364e-31,-7.989791591631921e-28
8.484848484848484,0.2,0.0,1399.8906676359165,1800000.1749361553,0.1680527039705836,-7.644886038555657e-31,-7.945098523554611e-28
8.585858585858587,0.2,0.0,1399.892802418597,1800000.1749361553,0.1680531364741064,1.5624990656875403e-30,-7.272639683350108e-28
8.686868686868687,0.2,0.0,1399.8948518101415,1800000.1749361553,0.16805355167741562,4.5781905806195873e-32,-6.59260745552596e-28
8.787878787878787,0.2,0.0,1399.8968192259965,1800000.1749361553,0.16805395027249184,-3.6065087303670024e-31,-5.885548928374452e-28
8.88888888888889,0.2,0.0,1399.8987079450321,1800000.1749361553,0.16805433292364283,1.4497914889336284e-30,-5.309114746889973e-28
8.98989898989899,0.2,0.0,1399.9005211151266,1800000.1749361553,0.16805470026860195,-4.27439007535402e-31,-4.940580605672718e-28
9.09090909090909,0.2,0.0,1399.9022617578173,1800000.1749361553,0.1680550529195434,-2.8573207190675065e-32,-4.749743775371512e-28
9.191919191919192,0.2,0.0,1399.9039327738349,1800000.1749361553,0.16805539146419057,5.788981425104206e-30,-2.72953516173779e-28
9.292929292929292,0.2,0.0,1399.9055369481503,1800000.1749361553,0.16805571646681716,1.3031119125625365e-29,1.91545828618093e-28
9.393939393939394,0.2,0.0,1399.9070769550322,1800000.1749361553,0.1680560284691897,-4.981147839100683e-30,4.164345769162283e-28
9.494949494949495,0.2,0.0,1399.9085553606665,1800000.1749361553,0.1680563279911874,4.465650266593832e-30,3.7180779715019163e-28
9.595959595959595,0.2,0.0,1399.909974629223,1800000.1749361553,0.16805661553205037,-2.8875722396976834e-30,3.0573473412392715e-28
9.696969696969697,0.2,0.0,1399.911337125812,1800000.1749361553,0.16805689157099118,2.3629420084873024e-30,2.877460744401185e-28
9.797979797979798,0.2,0.0,1399.912645121131,1800000.1749361553,0.16805715656809012,7.667636204485713e-30,5.910528729878818e-28
9.8989898989899,0.2,0.0,1399.913900796287,1800000.1749361553,0.16805741096509355,-1.1868931769264091e-29,3.7385670273118247e-28
10.0,0.2,0.0,1399.915106242148,1800000.1749361553,0.16805765518579344,7.289994229023688e-30,2.277974388611413e-28
